INSERT INTO person (person_id, first_name, last_name, patronymic, registration_date, max_explorers, email, phone_number,
                    skype, telegram, is_visible_private_data)
VALUES (1, 'John', 'Doe', 'Smith', '2023-07-20', 3, 'john.doe@example.com', '+7 999 228 5252', 'live:john_doe_skype',
        NULL, true),
       (2, 'Jane', 'Smith', 'Doe', '2023-07-20', 3, 'jane.smith@example.com', '+7 999 228 5252',
        'live:jane_smith_skype', 'jane_smith_telegram', false),
       (3, 'Alice', 'Johnson', '', '2023-07-20', 3, 'alice.johnson@example.com', '+7 999 228 5252',
        'live:alice_johnson_skype', NULL, true),
       (4, 'Bob', 'Brown', 'Johnson', '2023-07-20', 3, 'bob.brown@example.com', '+7 999 228 5252',
        'live:bob_brown_skype', 'bob_brown_telegram', true),
       (5, 'Michael', 'Davis', '', '2023-07-20', 3, 'michael.davis@example.com', '+7 999 228 5252',
        'live:michael_davis_skype', NULL, false),
       (6, 'Emily', 'Taylor', 'Davis', '2023-07-20', 3, 'emily.taylor@example.com', '+7 999 228 5252',
        'live:emily_taylor_skype', 'emily_taylor_telegram', true),
       (7, 'David', 'Thomas', '', '2023-07-20', 3, 'david.thomas@example.com', '+7 999 228 5252',
        'live:david_thomas_skype', NULL, false),
       (8, 'Olivia', 'Anderson', 'Thomas', '2023-07-20', 3, 'olivia.anderson@example.com', '+7 999 228 5252',
        'live:loivia_anderson_skype', 'olivia_anderson_telegram', true),
       (9, 'Sophia', 'Lee', '', '2023-07-20', 3, 'sophia.lee@example.com', '+7 999 228 5252', 'live:sophia_lee_skype',
        NULL, false),
       (10, 'William', 'Wilson', 'Lee', '2023-07-20', 3, 'william.wilson@example.com', '+7 999 228 5252',
        'live:william_wilson_skype', 'william_wilson_telegram', true),
       (11, 'Ярослав', 'Коммитов', 'Дотавич', '2023-07-05', 3, 'yappy-door@mmtr.ru', '+7 999 228 5252',
        'live:negr-worker', 'negr-worker', true),
       (12, 'Шалуга', 'Тензеров', 'Абчихбович', '2023-07-04', 3, 'shaluga@example.com', '+7 999 228 5252',
        'live:shaluga_skype', NULL, true),
       (13, 'Брат', 'Большой', 'Сергеевич', '2023-07-05', 0, 'brat@example.com', '+7 999 228 5252', 'live:brat_skype',
        'brat_telegram', false),
       (14, 'Зенька', 'Бэкэндов', 'Скролович', '2023-07-12', 3, 'zenka@example.com', '+7 999 228 5252',
        'live:zenka_skype', NULL, false),
       (23, 'Компилятор', 'Байткодов', 'Интерпритаторович', '2023-07-20', 3, 'maria@example.com', '+7 999 228 5252',
        'live:maria_skype',
        'maria_telegram', true),
       (24, 'Андройд', 'Мобилкин', 'Говнофайтингович', '2023-07-20', 3, 'alex@example.com', '+7 999 228 5252',
        'live:alex_skype', NULL,
        false),
       (25, 'Кирill', 'Гитигноров', 'Свичкейсович', '2023-07-20', 3, 'elena@example.com', '+7 999 228 5252',
        'live:elena_skype', NULL,
        true),
       (26, 'Дмитрий', 'Попов', 'Александрович', '2023-07-20', 3, 'dmitriy@example.com', '+7 999 228 5252',
        'live:dmitriy_skype', 'dmitriy_telegram', false),
       (27, 'Анна', 'Соколова', 'Дмитриевна', '2023-07-20', 3, 'anna@example.com', '+7 999 228 5252', 'live:anna_skype',
        NULL, true),
       (28, 'Сергей', 'Михайлов', '', '2023-07-20', 3, 'sergey@example.com', '+7 999 228 5252', 'live:sergey_skype',
        'sergey_telegram', false),
       (29, 'Евгения', 'Новикова', 'Сергеевна', '2023-07-20', 3, 'evgeniya@example.com', '+7 999 228 5252',
        'live:evgeniya_skype', NULL, true),
       (30, 'Артем', 'Федоров', 'Алексеевич', '2023-07-20', 3, 'artem@example.com', '+7 999 228 5252',
        'live:artem_skype', 'artem_telegram', false),
       (31, 'Елизавета', 'Козлова', 'Артемовна', '2023-07-20', 3, 'elizaveta@example.com', '+7 999 228 5252',
        'live:elizaveta_skype', NULL, true),
       (32, 'Максим', 'Лебедев', '', '2023-07-20', 3, 'maxim@example.com', '+7 999 228 5252', 'live:maxim_skype', NULL,
        false),
       (33, 'Алина', 'Семенова', 'Максимовна', '2023-07-20', 3, 'alina@example.com', '+7 999 228 5252',
        'live:alina_skype', 'alina_telegram', true),
       (34, 'Игорь', 'Егоров', '', '2023-07-20', 3, 'igor@example.com', '+7 999 228 5252', 'live:igor_skype', NULL,
        false),
       (35, 'Ангелина', 'Денисова', 'Игоревна', '2023-07-20', 3, 'angelina@example.com', '+7 999 228 5252',
        'live:angelina_skype', NULL, true),
       (36, 'Павел', 'Григорьев', 'Андреевич', '2023-07-20', 3, 'pavel@example.com', '+7 999 228 5252',
        'live:pavel_skype', 'pavel_telegram', false),
       (37, 'Виктория', 'Степанова', 'Павловна', '2023-07-20', 3, 'victoria@example.com', '+7 999 228 5252',
        'live:victoria_skype', NULL, true),
       (38, 'Никита', 'Кузьмин', '', '2023-07-20', 3, 'nikita@example.com', '+7 999 228 5252', 'live:nikita_skype',
        'nikita_telegram', false),
       (39, 'Дарья', 'Орлова', 'Никитична', '2023-07-20', 3, 'darya@example.com', '+7 999 228 5252', 'live:darya_skype',
        NULL, true),
       (40, 'Роман', 'Комаров', 'Евгеньевич', '2023-07-20', 3, 'roman@example.com', '+7 999 228 5252',
        'live:roman_skype', 'roman_telegram', false),
       (41, 'Анастасия', 'Белякова', '', '2023-07-20', 3, 'anastasia@example.com', '+7 999 228 5252',
        'live:anastasia_skype', NULL, true),
       (42, 'Артур', 'Алексеев', 'Александрович', '2023-07-20', 3, 'artur@example.com', '+7 999 228 5252',
        'live:artur_skype', 'artur_telegram', false),
       (43, 'Татьяна', 'Булгакова', 'Артуровна', '2023-07-20', 3, 'tatiana@example.com', '+7 999 228 5252',
        'live:tatiana_skype', NULL, true),
       (44, 'Илья', 'Васильев', '', '2023-07-20', 3, 'ilya@example.com', '+7 999 228 5252', 'live:ilya_skype',
        'ilya_telegram', false),
       (45, 'София', 'Петрова', 'Ильинична', '2023-07-20', 3, 'sofia@example.com', '+7 999 228 5252',
        'live:sofia_skype', NULL, true);

INSERT INTO keeper(course_id, person_id, start_date)
VALUES (1, 2, '2023-07-20'),
       (2, 3, '2023-07-20'),
       (3, 4, '2023-07-20'),
       (4, 5, '2023-07-20'),
       (5, 6, '2023-07-20'),
       (6, 7, '2023-07-20'),
       (7, 8, '2023-07-20'),
       (8, 9, '2023-07-20'),
       (9, 10, '2023-07-20'),
       (10, 1, '2023-07-20'),
       (1, 11, '2023-07-06'),
       (6, 11, '2023-07-06'),
       (7, 11, '2023-07-06'),
       (10, 12, '2023-07-06'),
       (8, 11, '2023-07-06'),
       (9, 11, '2023-07-06'),
       (2, 12, '2023-07-06'),
       (11, 13, '2023-08-15'),
       (13, 23, '2023-08-17'),
       (14, 24, '2023-08-18'),
       (15, 25, '2023-08-19'),
       (16, 26, '2023-08-20'),
       (17, 27, '2023-08-21'),
       (18, 28, '2023-08-22'),
       (19, 29, '2023-08-23'),
       (20, 30, '2023-08-24'),
       (21, 31, '2023-08-25'),
       (22, 32, '2023-08-26'),
       (12, 33, '2023-08-16'),
       (13, 34, '2023-08-17'),
       (14, 35, '2023-08-18'),
       (15, 36, '2023-08-19'),
       (16, 37, '2023-08-20'),
       (17, 38, '2023-08-21'),
       (18, 39, '2023-08-22'),
       (19, 40, '2023-08-23'),
       (20, 41, '2023-08-24'),
       (21, 42, '2023-08-25'),
       (22, 43, '2023-08-26'),
       (12, 44, '2023-08-16'),
       (13, 45, '2023-08-17'),
       (1, 14, '2023-07-20'),
       (2, 14, '2023-07-20'),
       (3, 14, '2023-07-20'),
       (4, 14, '2023-07-20'),
       (5, 14, '2023-07-20'),
       (6, 14, '2023-07-20'),
       (7, 14, '2023-07-20'),
       (8, 14, '2023-07-20'),
       (9, 14, '2023-07-20'),
       (10, 14, '2023-07-20'),
       (11, 14, '2023-07-20'),
       (12, 14, '2023-07-20'),
       (13, 14, '2023-07-20'),
       (14, 14, '2023-07-20'),
       (15, 14, '2023-07-20'),
       (16, 14, '2023-07-20'),
       (17, 14, '2023-07-20'),
       (18, 14, '2023-07-20'),
       (19, 14, '2023-07-20'),
       (20, 14, '2023-07-20'),
       (21, 14, '2023-07-20'),
       (22, 14, '2023-07-20'),
       (23, 14, '2023-07-20'),
       (24, 14, '2023-07-20');

INSERT INTO explorer_group(course_id, keeper_id)
VALUES (1, 11),
       (1, 11),
       (1, 11),
       (1, 11),
       (7, 13),
       (10, 14),
       (9, 16),
       (2, 2),
       (3, 3),
       (4, 4),
       (5, 5),
       (2, 43);

INSERT INTO explorer(person_id, group_id, start_date)
VALUES (1, 1, '2023-07-20'),
       (2, 1, '2023-07-20'),
       (3, 1, '2023-07-20'),
       (4, 2, '2023-07-20'),
       (5, 2, '2023-07-20'),
       (6, 2, '2023-07-20'),
       (7, 3, '2023-07-20'),
       (8, 3, '2023-07-20'),
       (9, 3, '2023-07-20'),
       (10, 4, '2023-07-20'),
       (12, 5, '2023-07-06'),
       (11, 6, '2023-07-06'),
       (12, 7, '2023-07-06'),
       (11, 8, '2023-07-06'),
       (11, 9, '2023-07-06'),
       (11, 10, '2023-07-06'),
       (11, 11, '2023-07-06'),
       (25, 12, '2023-07-06');
