INSERT INTO person (person_id, first_name, last_name, patronymic, registration_date, max_explorers)
VALUES (1, 'John', 'Doe', 'Smith', '2023-07-20', 3),
       (2, 'Jane', 'Smith', 'Doe', '2023-07-20', 3),
       (3, 'Alice', 'Johnson', '', '2023-07-20', 3),
       (4, 'Bob', 'Brown', 'Johnson', '2023-07-20', 3),
       (5, 'Michael', 'Davis', '', '2023-07-20', 3),
       (6, 'Emily', 'Taylor', 'Davis', '2023-07-20', 3),
       (7, 'David', 'Thomas', '', '2023-07-20', 3),
       (8, 'Olivia', 'Anderson', 'Thomas', '2023-07-20', 3),
       (9, 'Sophia', 'Lee', '', '2023-07-20', 3),
       (10, 'William', 'Wilson', 'Lee', '2023-07-20', 3),
       (11, 'Ярослав', 'Коммитов', 'Сергеевич', '2023-07-05', 3),
       (12, 'Шалуга', 'Тензеров', 'Абчихбович', '2023-07-04', 3),
       (13, 'Брат', 'Большой', 'Сергеевич', '2023-07-05', 0),
       (14, 'Зенька', 'Бэкэндов', 'Скролович', '2023-07-12', 0),
       (22, 'Иван', 'Иванов', 'Иванович', '2023-07-20', 3),
       (23, 'Мария', 'Иванова', 'Петровна', '2023-07-20', 3),
       (24, 'Александр', 'Смирнов', '', '2023-07-20', 3),
       (25, 'Елена', 'Кузнецова', '', '2023-07-20', 3),
       (26, 'Дмитрий', 'Попов', 'Александрович', '2023-07-20', 3),
       (27, 'Анна', 'Соколова', 'Дмитриевна', '2023-07-20', 3),
       (28, 'Сергей', 'Михайлов', '', '2023-07-20', 3),
       (29, 'Евгения', 'Новикова', 'Сергеевна', '2023-07-20', 3),
       (30, 'Артем', 'Федоров', 'Алексеевич', '2023-07-20', 3),
       (31, 'Елизавета', 'Козлова', 'Артемовна', '2023-07-20', 3),
       (32, 'Максим', 'Лебедев', '', '2023-07-20', 3),
       (33, 'Алина', 'Семенова', 'Максимовна', '2023-07-20', 3),
       (34, 'Игорь', 'Егоров', '', '2023-07-20', 3),
       (35, 'Ангелина', 'Денисова', 'Игоревна', '2023-07-20', 3),
       (36, 'Павел', 'Григорьев', 'Андреевич', '2023-07-20', 3),
       (37, 'Виктория', 'Степанова', 'Павловна', '2023-07-20', 3),
       (38, 'Никита', 'Кузьмин', '', '2023-07-20', 3),
       (39, 'Дарья', 'Орлова', 'Никитична', '2023-07-20', 3),
       (40, 'Роман', 'Комаров', 'Евгеньевич', '2023-07-20', 3),
       (41, 'Анастасия', 'Белякова', '', '2023-07-20', 3),
       (42, 'Артур', 'Алексеев', 'Александрович', '2023-07-20', 3),
       (43, 'Татьяна', 'Булгакова', 'Артуровна', '2023-07-20', 3),
       (44, 'Илья', 'Васильев', '', '2023-07-20', 3),
       (45, 'София', 'Петрова', 'Ильинична', '2023-07-20', 3);

INSERT INTO keeper(course_id, person_id, start_date)
VALUES (1, 2, '2023-07-20'),
       (2, 3, '2023-07-20'),
       (3, 4, '2023-07-20'),
       (4, 5, '2023-07-20'),
       (5, 6, '2023-07-20'),
       (6, 7, '2023-07-20'),
       (7, 8, '2023-07-20'),
       (8, 9, '2023-07-20'),
       (9, 10, '2023-07-20'),
       (10, 1, '2023-07-20'),
       (1, 11, '2023-07-06'),
       (6, 11, '2023-07-06'),
       (7, 11, '2023-07-06'),
       (10, 12, '2023-07-06'),
       (8, 11, '2023-07-06'),
       (9, 11, '2023-07-06'),
       (2, 12, '2023-07-06'),
       (11, 13, '2023-08-15'),
       (12, 22, '2023-08-16'),
       (13, 23, '2023-08-17'),
       (14, 24, '2023-08-18'),
       (15, 25, '2023-08-19'),
       (16, 26, '2023-08-20'),
       (17, 27, '2023-08-21'),
       (18, 28, '2023-08-22'),
       (19, 29, '2023-08-23'),
       (20, 30, '2023-08-24'),
       (21, 31, '2023-08-25'),
       (22, 32, '2023-08-26'),
       (12, 33, '2023-08-16'),
       (13, 34, '2023-08-17'),
       (14, 35, '2023-08-18'),
       (15, 36, '2023-08-19'),
       (16, 37, '2023-08-20'),
       (17, 38, '2023-08-21'),
       (18, 39, '2023-08-22'),
       (19, 40, '2023-08-23'),
       (20, 41, '2023-08-24'),
       (21, 42, '2023-08-25'),
       (22, 43, '2023-08-26'),
       (12, 44, '2023-08-16'),
       (13, 45, '2023-08-17');

INSERT INTO explorer_group(course_id, keeper_id)
VALUES (1, 11),
       (1, 11),
       (1, 11),
       (1, 11),
       (7, 13),
       (10, 14),
       (9, 16),
       (2, 2),
       (3, 3),
       (4, 4),
       (5, 5);

INSERT INTO explorer(person_id, group_id, start_date)
VALUES (1, 1, '2023-07-20'),
       (2, 1, '2023-07-20'),
       (3, 1, '2023-07-20'),
       (4, 2, '2023-07-20'),
       (5, 2, '2023-07-20'),
       (6, 2, '2023-07-20'),
       (7, 3, '2023-07-20'),
       (8, 3, '2023-07-20'),
       (9, 3, '2023-07-20'),
       (10, 4, '2023-07-20'),
       (12, 5, '2023-07-06'),
       (11, 6, '2023-07-06'),
       (12, 7, '2023-07-06'),
       -- (14, 7, '2023-07-06'),
       (11, 8, '2023-07-06'),
       (11, 9, '2023-07-06'),
       (11, 10, '2023-07-06'),
       (11, 11, '2023-07-06');