INSERT INTO person (person_id, first_name, last_name, patronymic, registration_date, max_explorers)
VALUES (1, 'John', 'Doe', 'Smith', '2023-07-20', 3),
       (2, 'Jane', 'Smith', 'Doe', '2023-07-20', 3),
       (3, 'Alice', 'Johnson', '', '2023-07-20', 3),
       (4, 'Bob', 'Brown', 'Johnson', '2023-07-20', 3),
       (5, 'Michael', 'Davis', '', '2023-07-20', 3),
       (6, 'Emily', 'Taylor', 'Davis', '2023-07-20', 3),
       (7, 'David', 'Thomas', '', '2023-07-20', 3),
       (8, 'Olivia', 'Anderson', 'Thomas', '2023-07-20', 3),
       (9, 'Sophia', 'Lee', '', '2023-07-20', 3),
       (10, 'William', 'Wilson', 'Lee', '2023-07-20', 3),
       (11, 'Ярослав', 'Коммитов', 'Сергеевич', '2023-07-05', 3),
       (12, 'Шалуга', 'Тензеров', 'Абчихбович', '2023-07-04', 3),
       (13, 'Брат', 'Большой', 'Сергеевич', '2023-07-05', 0),
       (14, 'Зенька', 'Бэкэндов', 'Скролович', '2023-07-12', 0);

INSERT INTO keeper(course_id, person_id, start_date)
VALUES (1, 2, '2023-07-20'),
       (2, 3, '2023-07-20'),
       (3, 4, '2023-07-20'),
       (4, 5, '2023-07-20'),
       (5, 6, '2023-07-20'),
       (6, 7, '2023-07-20'),
       (7, 8, '2023-07-20'),
       (8, 9, '2023-07-20'),
       (9, 10, '2023-07-20'),
       (10, 1, '2023-07-20'),
       (1, 11, '2023-07-06'),
       (6, 11, '2023-07-06'),
       (7, 11, '2023-07-06'),
       (10, 12, '2023-07-06'),
       (8, 11, '2023-07-06'),
       (9, 11, '2023-07-06'),
       (2, 12, '2023-07-06');

INSERT INTO explorer_group(course_id, keeper_id)
VALUES (1, 11),
       (1, 11),
       (1, 11),
       (1, 11),
       (7, 13),
       (10, 14),
       (9, 16),
       (2, 2),
       (3, 3),
       (4, 4),
       (5, 5);

INSERT INTO explorer(person_id, group_id, start_date)
VALUES (1, 1, '2023-07-20'),
       (2, 1, '2023-07-20'),
       (3, 1, '2023-07-20'),
       (4, 2, '2023-07-20'),
       (5, 2, '2023-07-20'),
       (6, 2, '2023-07-20'),
       (7, 3, '2023-07-20'),
       (8, 3, '2023-07-20'),
       (9, 3, '2023-07-20'),
       (10, 4, '2023-07-20'),
       (12, 5, '2023-07-06'),
       (11, 6, '2023-07-06'),
       (12, 7, '2023-07-06'),
       -- (14, 7, '2023-07-06'),
       (11, 8, '2023-07-06'),
       (11, 9, '2023-07-06'),
       (11, 10, '2023-07-06'),
       (11, 11, '2023-07-06');